File Name,Relative Path,Extension,Size (Bytes),Lines of Code
.env.local,.env.local,.local,1208,18
.eslintignore,.eslintignore,,40,4
.gitignore,.gitignore,,491,44
AGENTS.md,AGENTS.md,.md,327,6
architecture.md,architecture.md,.md,9061,108
build-plan.md,build-plan.md,.md,5758,88
CLAUDE.md,CLAUDE.md,.md,11,2
code-standards.md,code-standards.md,.md,3452,63
components.json,components.json,.json,521,26
eslint.config.mjs,eslint.config.mjs,.mjs,492,20
fix-images.js,fix-images.js,.js,1824,53
format-fix.js,format-fix.js,.js,3491,61
next-env.d.ts,next-env.d.ts,.ts,251,7
next.config.ts,next.config.ts,.ts,236,15
package-lock.json,package-lock.json,.json,449065,12523
package.json,package.json,.json,1168,47
postcss.config.mjs,postcss.config.mjs,.mjs,94,8
progress-tracker.md,progress-tracker.md,.md,5883,103
project-decisions.md,project-decisions.md,.md,3881,61
project-overview.md,project-overview.md,.md,4310,60
file.svg,public/file.svg,.svg,391,Binary
globe.svg,public/globe.svg,.svg,1035,Binary
mehndi_arabic.png,public/images/mehndi_arabic.png,.png,863069,Binary
mehndi_bridal.png,public/images/mehndi_bridal.png,.png,1071676,Binary
mehndi_minimalist.png,public/images/mehndi_minimalist.png,.png,844671,Binary
pakistani_bride_makeup.png,public/images/pakistani_bride_makeup.png,.png,1027185,Binary
pakistani_mehndi_hands.png,public/images/pakistani_mehndi_hands.png,.png,966418,Binary
pakistani_wedding_couple.png,public/images/pakistani_wedding_couple.png,.png,1219711,Binary
pakistani_wedding_venue.png,public/images/pakistani_wedding_venue.png,.png,1200055,Binary
next.svg,public/next.svg,.svg,1375,Binary
vercel.svg,public/vercel.svg,.svg,128,Binary
window.svg,public/window.svg,.svg,385,Binary
README.md,README.md,.md,1450,37
recovery-guide.md,recovery-guide.md,.md,4434,65
review-rules.md,review-rules.md,.md,4210,63
generate-project-csv.js,scripts/generate-project-csv.js,.js,2353,93
test-supabase.mjs,scripts/test-supabase.mjs,.mjs,514,15
layout.tsx,src/app/(auth)/layout.tsx,.tsx,421,17
page.tsx,src/app/(auth)/login/page.tsx,.tsx,109,6
page.tsx,src/app/(auth)/signup/page.tsx,.tsx,110,6
page.tsx,src/app/ai-planner/page.tsx,.tsx,195,10
route.ts,src/app/api/onboarding/route.ts,.ts,3956,125
route.ts,src/app/api/pipeline-data/route.ts,.ts,1099,38
route.ts,src/app/api/send-email/route.ts,.ts,889,34
route.ts,src/app/api/webhooks/whatsapp/route.ts,.ts,4842,134
page.tsx,src/app/business/page.tsx,.tsx,629,19
page.tsx,src/app/caterers/page.tsx,.tsx,1255,35
ClientProviders.tsx,src/app/components/ClientProviders.tsx,.tsx,797,27
AuthContext.tsx,src/app/context/AuthContext.tsx,.tsx,4636,142
OrganizationContext.tsx,src/app/context/OrganizationContext.tsx,.tsx,3621,98
PermissionContext.tsx,src/app/context/PermissionContext.tsx,.tsx,743,32
actions.ts,src/app/create/event/actions.ts,.ts,4215,139
page.tsx,src/app/create/event/page.tsx,.tsx,7108,150
layout.tsx,src/app/dashboard/(b2c)/layout.tsx,.tsx,508,21
page.tsx,src/app/dashboard/(b2c)/planner/page.tsx,.tsx,162,6
page.tsx,src/app/dashboard/(b2c)/planner/salami/page.tsx,.tsx,325,13
page.tsx,src/app/dashboard/accounting/page.tsx,.tsx,419,16
page.tsx,src/app/dashboard/calendar/page.tsx,.tsx,385,16
page.tsx,src/app/dashboard/contacts/page.tsx,.tsx,173,6
page.tsx,src/app/dashboard/contacts/[id]/page.tsx,.tsx,292,7
page.tsx,src/app/dashboard/crm/page.tsx,.tsx,598,17
page.tsx,src/app/dashboard/customer/itinerary/page.tsx,.tsx,170,6
layout.tsx,src/app/dashboard/customer/layout.tsx,.tsx,258,6
page.tsx,src/app/dashboard/customer/moodboards/page.tsx,.tsx,174,6
page.tsx,src/app/dashboard/customer/page.tsx,.tsx,166,6
page.tsx,src/app/dashboard/customer/photos/page.tsx,.tsx,158,6
page.tsx,src/app/dashboard/customer/quotes/page.tsx,.tsx,158,6
layout.tsx,src/app/dashboard/layout.tsx,.tsx,264,11
page.tsx,src/app/dashboard/messages/page.tsx,.tsx,428,16
page.tsx,src/app/dashboard/page.tsx,.tsx,611,26
page.tsx,src/app/dashboard/products/new/page.tsx,.tsx,787,21
page.tsx,src/app/dashboard/products/page.tsx,.tsx,1231,35
page.tsx,src/app/dashboard/products/[id]/edit/page.tsx,.tsx,4554,108
page.tsx,src/app/dashboard/sales/builder/page.tsx,.tsx,568,18
page.tsx,src/app/dashboard/sales/page.tsx,.tsx,393,16
page.tsx,src/app/dashboard/settings/page.tsx,.tsx,202,7
layout.tsx,src/app/dashboard/studio/layout.tsx,.tsx,240,6
page.tsx,src/app/dashboard/studio/page.tsx,.tsx,172,6
page.tsx,src/app/dashboard/tasks/page.tsx,.tsx,199,7
page.tsx,src/app/dashboard/vendor/activity/page.tsx,.tsx,159,6
page.tsx,src/app/dashboard/vendor/assets/page.tsx,.tsx,209,10
page.tsx,src/app/dashboard/vendor/bookings/page.tsx,.tsx,143,6
page.tsx,src/app/dashboard/vendor/calendar/page.tsx,.tsx,143,6
page.tsx,src/app/dashboard/vendor/contacts/page.tsx,.tsx,143,6
page.tsx,src/app/dashboard/vendor/displays/page.tsx,.tsx,217,10
page.tsx,src/app/dashboard/vendor/halls/page.tsx,.tsx,204,10
layout.tsx,src/app/dashboard/vendor/layout.tsx,.tsx,272,10
page.tsx,src/app/dashboard/vendor/leads/new/page.tsx,.tsx,139,6
page.tsx,src/app/dashboard/vendor/leads/page.tsx,.tsx,131,6
page.tsx,src/app/dashboard/vendor/leads/[id]/page.tsx,.tsx,333,8
page.tsx,src/app/dashboard/vendor/nexus-apps/page.tsx,.tsx,221,10
page.tsx,src/app/dashboard/vendor/page.tsx,.tsx,168,6
page.tsx,src/app/dashboard/vendor/profile-maker/page.tsx,.tsx,215,10
page.tsx,src/app/dashboard/vendor/quotations/new/page.tsx,.tsx,159,6
page.tsx,src/app/dashboard/vendor/reports/page.tsx,.tsx,213,10
page.tsx,src/app/dashboard/vendor/settings/page.tsx,.tsx,143,6
layout.tsx,src/app/dashboard/venue-owner/layout.tsx,.tsx,276,10
page.tsx,src/app/dashboard/venue-owner/page.tsx,.tsx,9832,306
page.tsx,src/app/dashboard/venues/page.tsx,.tsx,617,17
page.tsx,src/app/dashboard/[role]/[moduleId]/page.tsx,.tsx,903,29
page.tsx,src/app/decorators/page.tsx,.tsx,1301,35
EventManagerHero.tsx,src/app/event-managers/EventManagerHero.tsx,.tsx,5540,125
page.tsx,src/app/event-managers/page.tsx,.tsx,1382,35
favicon.ico,src/app/favicon.ico,.ico,25931,Binary
page.tsx,src/app/freelancers/page.tsx,.tsx,1309,35
globals.css,src/app/globals.css,.css,3141,133
useResponsive.ts,src/app/hooks/useResponsive.ts,.ts,781,25
page.tsx,src/app/invite/[id]/page.tsx,.tsx,221,7
ClientProviders.tsx,src/app/layout/ClientProviders.tsx,.tsx,346,13
Header.tsx,src/app/layout/Header.tsx,.tsx,1151,31
MainLayout.tsx,src/app/layout/MainLayout.tsx,.tsx,1124,40
MobileNav.tsx,src/app/layout/MobileNav.tsx,.tsx,2359,69
Sidebar.tsx,src/app/layout/Sidebar.tsx,.tsx,1979,43
layout.tsx,src/app/layout.tsx,.tsx,1056,40
page.tsx,src/app/messages/page.tsx,.tsx,219,12
navigation.config.ts,src/app/navigation/navigation.config.ts,.ts,974,36
page.tsx,src/app/onboarding/page.tsx,.tsx,17431,371
page.tsx,src/app/page.tsx,.tsx,345,13
page.tsx,src/app/photographers/page.tsx,.tsx,1376,35
page.tsx,src/app/photographers/[id]/page.tsx,.tsx,38114,829
actions.ts,src/app/portal/actions.ts,.ts,2739,94
page.tsx,src/app/portal/page.tsx,.tsx,3005,68
page.tsx,src/app/portal/[eventId]/page.tsx,.tsx,6722,135
page.tsx,src/app/register/page.tsx,.tsx,112,6
page.tsx,src/app/rentals/page.tsx,.tsx,315,13
page.tsx,src/app/restaurants/page.tsx,.tsx,1330,35
page.tsx,src/app/search/page.tsx,.tsx,3718,87
page.tsx,src/app/sign-in/[[...sign-in]]/page.tsx,.tsx,207,10
page.tsx,src/app/sign-up/[[...sign-up]]/page.tsx,.tsx,207,10
page.tsx,src/app/studios/page.tsx,.tsx,1231,35
page.tsx,src/app/test/page.tsx,.tsx,274,8
page.tsx,src/app/tools/baraat-tracker/page.tsx,.tsx,359,13
page.tsx,src/app/tools/daig-calculator/page.tsx,.tsx,329,13
page.tsx,src/app/tools/jahaiz-tracker/page.tsx,.tsx,325,13
page.tsx,src/app/tools/mehndi-designer/page.tsx,.tsx,310,13
page.tsx,src/app/tools/shaadi-beats/page.tsx,.tsx,317,13
page.tsx,src/app/vendors/page.tsx,.tsx,980,29
page.tsx,src/app/venues/page.tsx,.tsx,1374,33
page.tsx,src/app/videographers/page.tsx,.tsx,1376,35
PageEntrance.tsx,src/components/animations/PageEntrance.tsx,.tsx,1036,39
BusinessCTA.tsx,src/components/business/BusinessCTA.tsx,.tsx,3295,78
BusinessHero.tsx,src/components/business/BusinessHero.tsx,.tsx,4270,77
ModuleDeepDive.tsx,src/components/business/ModuleDeepDive.tsx,.tsx,7190,171
TargetAudienceGrid.tsx,src/components/business/TargetAudienceGrid.tsx,.tsx,3558,104
CatererBenefits.tsx,src/components/caterers/CatererBenefits.tsx,.tsx,2887,67
CatererCategories.tsx,src/components/caterers/CatererCategories.tsx,.tsx,3238,87
CatererCTA.tsx,src/components/caterers/CatererCTA.tsx,.tsx,3803,68
CatererFeatured.tsx,src/components/caterers/CatererFeatured.tsx,.tsx,10893,261
CatererHero.tsx,src/components/caterers/CatererHero.tsx,.tsx,5482,125
CatererMenuEstimator.tsx,src/components/caterers/CatererMenuEstimator.tsx,.tsx,17053,347
NexusChat.tsx,src/components/chat/NexusChat.tsx,.tsx,10400,235
ClientProviders.tsx,src/components/ClientProviders.tsx,.tsx,867,39
GeneralLedgerAccounting.tsx,src/components/dashboard/accounting/GeneralLedgerAccounting.tsx,.tsx,8703,203
EventCalendar.tsx,src/components/dashboard/calendar/EventCalendar.tsx,.tsx,11367,249
VerifiedCommunicationsTerminal.tsx,src/components/dashboard/communications/VerifiedCommunicationsTerminal.tsx,.tsx,12869,308
CRMLeadPipeline.tsx,src/components/dashboard/crm/CRMLeadPipeline.tsx,.tsx,9445,247
CRMPipelineBoard.tsx,src/components/dashboard/crm/CRMPipelineBoard.tsx,.tsx,12943,332
ContactDetailsView.tsx,src/components/dashboard/customer/ContactDetailsView.tsx,.tsx,29918,565
ContactDirectoryTable.tsx,src/components/dashboard/customer/ContactDirectoryTable.tsx,.tsx,27212,545
CustomerDashboardLayout.tsx,src/components/dashboard/customer/CustomerDashboardLayout.tsx,.tsx,5336,111
CustomerItinerary.tsx,src/components/dashboard/customer/CustomerItinerary.tsx,.tsx,3307,86
CustomerMoodboards.tsx,src/components/dashboard/customer/CustomerMoodboards.tsx,.tsx,8032,181
CustomerOverview.tsx,src/components/dashboard/customer/CustomerOverview.tsx,.tsx,9584,179
CustomerPhotos.tsx,src/components/dashboard/customer/CustomerPhotos.tsx,.tsx,8649,170
CustomerQuotes.tsx,src/components/dashboard/customer/CustomerQuotes.tsx,.tsx,16211,335
BranchSwitcher.tsx,src/components/dashboard/layout/BranchSwitcher.tsx,.tsx,588,16
DashboardBreadcrumbs.tsx,src/components/dashboard/layout/DashboardBreadcrumbs.tsx,.tsx,1043,34
DashboardHeader.tsx,src/components/dashboard/layout/DashboardHeader.tsx,.tsx,1527,39
DashboardLayout.tsx,src/components/dashboard/layout/DashboardLayout.tsx,.tsx,1204,41
DashboardMobileNav.tsx,src/components/dashboard/layout/DashboardMobileNav.tsx,.tsx,1138,33
DashboardNotifications.tsx,src/components/dashboard/layout/DashboardNotifications.tsx,.tsx,8701,231
DashboardQuickActions.tsx,src/components/dashboard/layout/DashboardQuickActions.tsx,.tsx,382,14
DashboardSidebar.tsx,src/components/dashboard/layout/DashboardSidebar.tsx,.tsx,2635,62
MobileNav.tsx,src/components/dashboard/layout/MobileNav.tsx,.tsx,3580,92
ModuleSwitcher.tsx,src/components/dashboard/layout/ModuleSwitcher.tsx,.tsx,602,18
OrganizationSwitcher.tsx,src/components/dashboard/layout/OrganizationSwitcher.tsx,.tsx,600,16
Sidebar.tsx,src/components/dashboard/layout/Sidebar.tsx,.tsx,3487,89
TopBar.tsx,src/components/dashboard/layout/TopBar.tsx,.tsx,1510,37
LiveInquiries.tsx,src/components/dashboard/LiveInquiries.tsx,.tsx,2195,43
DashboardOverviewHome.tsx,src/components/dashboard/overview/DashboardOverviewHome.tsx,.tsx,24456,481
PipelineChart.tsx,src/components/dashboard/overview/PipelineChart.tsx,.tsx,1490,41
PipelineTable.tsx,src/components/dashboard/PipelineTable.tsx,.tsx,2154,44
PlannerWorkspace.tsx,src/components/dashboard/PlannerWorkspace.tsx,.tsx,20936,361
MenuDesigner.tsx,src/components/dashboard/products/MenuDesigner.tsx,.tsx,20124,414
PackageDesigner.tsx,src/components/dashboard/products/PackageDesigner.tsx,.tsx,21572,393
ProductForm.tsx,src/components/dashboard/products/ProductForm.tsx,.tsx,29155,608
ProductsList.tsx,src/components/dashboard/products/ProductsList.tsx,.tsx,12190,250
SalamiLedger.tsx,src/components/dashboard/SalamiLedger.tsx,.tsx,10923,180
DocumentGeneratorAndViewer.tsx,src/components/dashboard/sales/DocumentGeneratorAndViewer.tsx,.tsx,17507,331
ERPSalesOrderConsole.tsx,src/components/dashboard/sales/ERPSalesOrderConsole.tsx,.tsx,73393,1328
FullscreenQuotationBuilder.tsx,src/components/dashboard/sales/FullscreenQuotationBuilder.tsx,.tsx,32940,609
FullViewQuotationConsole.tsx,src/components/dashboard/sales/FullViewQuotationConsole.tsx,.tsx,29548,586
ProfessionalQuotationView.tsx,src/components/dashboard/sales/ProfessionalQuotationView.tsx,.tsx,10829,187
SalesBillingConsole.tsx,src/components/dashboard/sales/SalesBillingConsole.tsx,.tsx,24094,436
BranchSettingsManager.tsx,src/components/dashboard/settings/BranchSettingsManager.tsx,.tsx,17316,375
StatCard.tsx,src/components/dashboard/StatCard.tsx,.tsx,1335,46
AccountingView.tsx,src/components/dashboard/studio/AccountingView.tsx,.tsx,23330,498
DeliveryCenterView.tsx,src/components/dashboard/studio/DeliveryCenterView.tsx,.tsx,17745,345
EquipmentTrackingView.tsx,src/components/dashboard/studio/EquipmentTrackingView.tsx,.tsx,7756,148
PaymentsView.tsx,src/components/dashboard/studio/PaymentsView.tsx,.tsx,18013,364
PhotoSelectionView.tsx,src/components/dashboard/studio/PhotoSelectionView.tsx,.tsx,19945,418
StudioDashboardHome.tsx,src/components/dashboard/studio/StudioDashboardHome.tsx,.tsx,12145,206
StudioDashboardLayout.tsx,src/components/dashboard/studio/StudioDashboardLayout.tsx,.tsx,13207,257
StudioLeadsView.tsx,src/components/dashboard/studio/StudioLeadsView.tsx,.tsx,10625,229
StudioProjectsView.tsx,src/components/dashboard/studio/StudioProjectsView.tsx,.tsx,16098,339
TeamScheduleView.tsx,src/components/dashboard/studio/TeamScheduleView.tsx,.tsx,16098,324
VideoReviewView.tsx,src/components/dashboard/studio/VideoReviewView.tsx,.tsx,24192,478
OperationalTaskManager.tsx,src/components/dashboard/tasks/OperationalTaskManager.tsx,.tsx,12710,287
VendorWorkspace.tsx,src/components/dashboard/VendorWorkspace.tsx,.tsx,10756,194
ActivityLogsView.tsx,src/components/dashboard/venue/ActivityLogsView.tsx,.tsx,12710,303
AssetsView.tsx,src/components/dashboard/venue/AssetsView.tsx,.tsx,19173,393
BookingsView.tsx,src/components/dashboard/venue/BookingsView.tsx,.tsx,57642,914
CalendarView.tsx,src/components/dashboard/venue/CalendarView.tsx,.tsx,33757,584
ClockWeatherWidget.tsx,src/components/dashboard/venue/ClockWeatherWidget.tsx,.tsx,3881,86
ContactsView.tsx,src/components/dashboard/venue/ContactsView.tsx,.tsx,26835,490
DisplaysView.tsx,src/components/dashboard/venue/DisplaysView.tsx,.tsx,23059,447
EventFinancialLedger.tsx,src/components/dashboard/venue/EventFinancialLedger.tsx,.tsx,12202,264
HallsSpacesView.tsx,src/components/dashboard/venue/HallsSpacesView.tsx,.tsx,16714,375
LeadDetailsView.tsx,src/components/dashboard/venue/LeadDetailsView.tsx,.tsx,12971,247
LeadsView.tsx,src/components/dashboard/venue/LeadsView.tsx,.tsx,5227,125
MobileFloorOperations.tsx,src/components/dashboard/venue/MobileFloorOperations.tsx,.tsx,7568,171
NewLeadView.tsx,src/components/dashboard/venue/NewLeadView.tsx,.tsx,21307,431
NexusAppsView.tsx,src/components/dashboard/venue/NexusAppsView.tsx,.tsx,17903,278
NexusBusinessAI.tsx,src/components/dashboard/venue/NexusBusinessAI.tsx,.tsx,10575,226
ProfileMakerView.tsx,src/components/dashboard/venue/ProfileMakerView.tsx,.tsx,22830,401
PublicProfilePreview.tsx,src/components/dashboard/venue/PublicProfilePreview.tsx,.tsx,8080,182
QuotationBuilder.tsx,src/components/dashboard/venue/QuotationBuilder.tsx,.tsx,28229,580
ReportsView.tsx,src/components/dashboard/venue/ReportsView.tsx,.tsx,12337,232
SettingsView.tsx,src/components/dashboard/venue/SettingsView.tsx,.tsx,59238,815
VenueDashboardHome.tsx,src/components/dashboard/venue/VenueDashboardHome.tsx,.tsx,39532,908
VenueDashboardLayout.tsx,src/components/dashboard/venue/VenueDashboardLayout.tsx,.tsx,16502,329
VenueMatrixCalendar.tsx,src/components/dashboard/venue/VenueMatrixCalendar.tsx,.tsx,10409,282
VenueMatrixDashboard.tsx,src/components/dashboard/venue/VenueMatrixDashboard.tsx,.tsx,14736,306
BookingsModule.tsx,src/components/dashboard/venue-owner/BookingsModule.tsx,.tsx,3150,88
LeadsPipelineModule.tsx,src/components/dashboard/venue-owner/LeadsPipelineModule.tsx,.tsx,8174,209
OverviewModule.tsx,src/components/dashboard/venue-owner/OverviewModule.tsx,.tsx,2278,83
QuickActionsModule.tsx,src/components/dashboard/venue-owner/QuickActionsModule.tsx,.tsx,9473,225
RevenueSummaryModule.tsx,src/components/dashboard/venue-owner/RevenueSummaryModule.tsx,.tsx,4357,99
VenueManagementModule.tsx,src/components/dashboard/venue-owner/VenueManagementModule.tsx,.tsx,5955,136
VenueOwnerOverview.tsx,src/components/dashboard/venue-owner/VenueOwnerOverview.tsx,.tsx,5533,121
WorkflowPipeline.tsx,src/components/dashboard/WorkflowPipeline.tsx,.tsx,2485,40
DecoratorBenefits.tsx,src/components/decorators/DecoratorBenefits.tsx,.tsx,2922,67
DecoratorCategories.tsx,src/components/decorators/DecoratorCategories.tsx,.tsx,3355,87
DecoratorCostEstimator.tsx,src/components/decorators/DecoratorCostEstimator.tsx,.tsx,15945,336
DecoratorCTA.tsx,src/components/decorators/DecoratorCTA.tsx,.tsx,3832,68
DecoratorFeatured.tsx,src/components/decorators/DecoratorFeatured.tsx,.tsx,10392,247
DecoratorHero.tsx,src/components/decorators/DecoratorHero.tsx,.tsx,5494,125
ErrorBoundary.tsx,src/components/ErrorBoundary.tsx,.tsx,557,13
EventManagerBenefits.tsx,src/components/event-managers/EventManagerBenefits.tsx,.tsx,2907,67
EventManagerCategories.tsx,src/components/event-managers/EventManagerCategories.tsx,.tsx,3322,87
EventManagerCostEstimator.tsx,src/components/event-managers/EventManagerCostEstimator.tsx,.tsx,17210,369
EventManagerCTA.tsx,src/components/event-managers/EventManagerCTA.tsx,.tsx,3828,68
EventManagerFeatured.tsx,src/components/event-managers/EventManagerFeatured.tsx,.tsx,10020,241
EventManagerHero.tsx,src/components/event-managers/EventManagerHero.tsx,.tsx,5540,125
FreelancerBenefits.tsx,src/components/freelancers/FreelancerBenefits.tsx,.tsx,2862,67
FreelancerCategories.tsx,src/components/freelancers/FreelancerCategories.tsx,.tsx,3398,96
FreelancerCTA.tsx,src/components/freelancers/FreelancerCTA.tsx,.tsx,3756,68
FreelancerFeatured.tsx,src/components/freelancers/FreelancerFeatured.tsx,.tsx,10295,262
FreelancerHero.tsx,src/components/freelancers/FreelancerHero.tsx,.tsx,5653,128
FreelancerLiveGigs.tsx,src/components/freelancers/FreelancerLiveGigs.tsx,.tsx,13842,317
BentoHomeLayout.tsx,src/components/home/BentoHomeLayout.tsx,.tsx,15208,285
BridalRentalsPromo.tsx,src/components/home/BridalRentalsPromo.tsx,.tsx,4853,111
CategoryGrid.tsx,src/components/home/CategoryGrid.tsx,.tsx,3850,78
DisplayNetworkPromo.tsx,src/components/home/DisplayNetworkPromo.tsx,.tsx,5593,108
EventToolkitPromo.tsx,src/components/home/EventToolkitPromo.tsx,.tsx,5357,126
FeaturedPlanners.tsx,src/components/home/FeaturedPlanners.tsx,.tsx,6257,111
FeaturedSalons.tsx,src/components/home/FeaturedSalons.tsx,.tsx,6439,118
FeaturedVendors.tsx,src/components/home/FeaturedVendors.tsx,.tsx,6241,112
FeaturedVenues.tsx,src/components/home/FeaturedVenues.tsx,.tsx,6433,127
HeroSection.tsx,src/components/home/HeroSection.tsx,.tsx,5261,108
HowItWorks.tsx,src/components/home/HowItWorks.tsx,.tsx,4122,99
IndustrialBentoHome.tsx,src/components/home/IndustrialBentoHome.tsx,.tsx,18205,288
LandingSlider.tsx,src/components/home/LandingSlider.tsx,.tsx,22567,409
MehndiPromo.tsx,src/components/home/MehndiPromo.tsx,.tsx,3502,66
MobileAppPromo.tsx,src/components/home/MobileAppPromo.tsx,.tsx,3865,80
MyNexusSection.tsx,src/components/home/MyNexusSection.tsx,.tsx,5935,147
NexusOperatingSystem.tsx,src/components/home/NexusOperatingSystem.tsx,.tsx,11933,283
PlannerCTA.tsx,src/components/home/PlannerCTA.tsx,.tsx,6249,117
PlaylistPromo.tsx,src/components/home/PlaylistPromo.tsx,.tsx,6100,114
QuickQuoteBuilder.tsx,src/components/home/QuickQuoteBuilder.tsx,.tsx,18041,380
RentalsCTA.tsx,src/components/home/RentalsCTA.tsx,.tsx,6260,104
SmartSearchBar.tsx,src/components/home/SmartSearchBar.tsx,.tsx,6806,145
SolutionsSplit.tsx,src/components/home/SolutionsSplit.tsx,.tsx,6223,130
SuccessMetrics.tsx,src/components/home/SuccessMetrics.tsx,.tsx,2957,62
Testimonials.tsx,src/components/home/Testimonials.tsx,.tsx,4793,111
ValueShowcase.tsx,src/components/home/ValueShowcase.tsx,.tsx,16176,364
VendorCTA.tsx,src/components/home/VendorCTA.tsx,.tsx,3715,66
BaraatTracker.tsx,src/components/invite/BaraatTracker.tsx,.tsx,9509,165
DigitalInvite.tsx,src/components/invite/DigitalInvite.tsx,.tsx,10448,186
DigitalSalamiEnvelope.tsx,src/components/invite/DigitalSalamiEnvelope.tsx,.tsx,7961,136
GlobalAIAssistant.tsx,src/components/layout/GlobalAIAssistant.tsx,.tsx,8620,197
GlobalHeader.tsx,src/components/layout/GlobalHeader.tsx,.tsx,15523,333
Header.tsx,src/components/layout/Header.tsx,.tsx,1330,28
MegaFooter.tsx,src/components/layout/MegaFooter.tsx,.tsx,4873,78
MobileBottomNav.tsx,src/components/layout/MobileBottomNav.tsx,.tsx,2126,59
PublicLayout.tsx,src/components/layout/PublicLayout.tsx,.tsx,538,19
Sidebar.tsx,src/components/layout/Sidebar.tsx,.tsx,2754,55
PhotographerBenefits.tsx,src/components/photographers/PhotographerBenefits.tsx,.tsx,2946,67
PhotographerCategories.tsx,src/components/photographers/PhotographerCategories.tsx,.tsx,3325,87
PhotographerCostEstimator.tsx,src/components/photographers/PhotographerCostEstimator.tsx,.tsx,13512,298
PhotographerCTA.tsx,src/components/photographers/PhotographerCTA.tsx,.tsx,3804,68
PhotographerFeatured.tsx,src/components/photographers/PhotographerFeatured.tsx,.tsx,10785,254
PhotographerHero.tsx,src/components/photographers/PhotographerHero.tsx,.tsx,5518,125
AIChat.tsx,src/components/planner/AIChat.tsx,.tsx,10336,220
OnboardingChecklist.tsx,src/components/portal/OnboardingChecklist.tsx,.tsx,8469,179
Marketplace.tsx,src/components/rentals/Marketplace.tsx,.tsx,9031,159
RestaurantBenefits.tsx,src/components/restaurants/RestaurantBenefits.tsx,.tsx,2902,67
RestaurantCategories.tsx,src/components/restaurants/RestaurantCategories.tsx,.tsx,3281,87
RestaurantCostEstimator.tsx,src/components/restaurants/RestaurantCostEstimator.tsx,.tsx,18428,372
RestaurantCTA.tsx,src/components/restaurants/RestaurantCTA.tsx,.tsx,3851,68
RestaurantFeatured.tsx,src/components/restaurants/RestaurantFeatured.tsx,.tsx,9914,241
RestaurantHero.tsx,src/components/restaurants/RestaurantHero.tsx,.tsx,5497,125
FilterBar.tsx,src/components/search/FilterBar.tsx,.tsx,1896,38
ListingGrid.tsx,src/components/search/ListingGrid.tsx,.tsx,6418,159
MapPlaceholder.tsx,src/components/search/MapPlaceholder.tsx,.tsx,1816,43
MockData.ts,src/components/search/MockData.ts,.ts,3376,138
StudioBenefits.tsx,src/components/studios/StudioBenefits.tsx,.tsx,2892,67
StudioCategories.tsx,src/components/studios/StudioCategories.tsx,.tsx,3187,87
StudioCTA.tsx,src/components/studios/StudioCTA.tsx,.tsx,3791,68
StudioFeatured.tsx,src/components/studios/StudioFeatured.tsx,.tsx,10933,265
StudioHero.tsx,src/components/studios/StudioHero.tsx,.tsx,5482,125
StudioSuiteBooking.tsx,src/components/studios/StudioSuiteBooking.tsx,.tsx,15126,307
AIMehndiDesigner.tsx,src/components/tools/AIMehndiDesigner.tsx,.tsx,11448,217
DaigCalculator.tsx,src/components/tools/DaigCalculator.tsx,.tsx,13125,248
JahaizTracker.tsx,src/components/tools/JahaizTracker.tsx,.tsx,17533,305
ShaadiBeats.tsx,src/components/tools/ShaadiBeats.tsx,.tsx,22301,419
avatar.tsx,src/components/ui/avatar.tsx,.tsx,3098,113
badge.tsx,src/components/ui/badge.tsx,.tsx,1865,50
button.tsx,src/components/ui/button.tsx,.tsx,3385,68
card.tsx,src/components/ui/card.tsx,.tsx,2641,104
carousel.tsx,src/components/ui/carousel.tsx,.tsx,5689,244
dialog.tsx,src/components/ui/dialog.tsx,.tsx,4234,169
dropdown-menu.tsx,src/components/ui/dropdown-menu.tsx,.tsx,8831,270
FeatureFlag.tsx,src/components/ui/FeatureFlag.tsx,.tsx,641,26
input.tsx,src/components/ui/input.tsx,.tsx,968,20
label.tsx,src/components/ui/label.tsx,.tsx,606,25
RequirePermission.tsx,src/components/ui/RequirePermission.tsx,.tsx,937,32
RequirePlan.tsx,src/components/ui/RequirePlan.tsx,.tsx,682,26
separator.tsx,src/components/ui/separator.tsx,.tsx,644,29
table.tsx,src/components/ui/table.tsx,.tsx,2402,117
tabs.tsx,src/components/ui/tabs.tsx,.tsx,3572,91
VendorCategories.tsx,src/components/vendors/VendorCategories.tsx,.tsx,2625,51
VendorCTA.tsx,src/components/vendors/VendorCTA.tsx,.tsx,2023,45
VendorHero.tsx,src/components/vendors/VendorHero.tsx,.tsx,1363,32
SecretVenueDeals.tsx,src/components/venues/SecretVenueDeals.tsx,.tsx,3068,57
VenueBundles.tsx,src/components/venues/VenueBundles.tsx,.tsx,4337,116
VenueCategories.tsx,src/components/venues/VenueCategories.tsx,.tsx,2645,51
VenueCTA.tsx,src/components/venues/VenueCTA.tsx,.tsx,2023,45
VenueExpertConsultation.tsx,src/components/venues/VenueExpertConsultation.tsx,.tsx,6353,113
VenueHero.tsx,src/components/venues/VenueHero.tsx,.tsx,1391,32
VenueHeroLeadGen.tsx,src/components/venues/VenueHeroLeadGen.tsx,.tsx,6369,119
VideographerBenefits.tsx,src/components/videographers/VideographerBenefits.tsx,.tsx,2884,67
VideographerCategories.tsx,src/components/videographers/VideographerCategories.tsx,.tsx,3347,87
VideographerCostEstimator.tsx,src/components/videographers/VideographerCostEstimator.tsx,.tsx,15144,332
VideographerCTA.tsx,src/components/videographers/VideographerCTA.tsx,.tsx,3788,68
VideographerFeatured.tsx,src/components/videographers/VideographerFeatured.tsx,.tsx,10697,256
VideographerHero.tsx,src/components/videographers/VideographerHero.tsx,.tsx,5559,126
modules.ts,src/config/modules.ts,.ts,4213,128
navigation.config.ts,src/config/navigation.config.ts,.ts,2083,89
navigation.ts,src/config/navigation.ts,.ts,2030,91
DashboardContext.tsx,src/contexts/DashboardContext.tsx,.tsx,1969,64
TenantContext.tsx,src/contexts/TenantContext.tsx,.tsx,2018,68
auditLog.ts,src/lib/audit/auditLog.ts,.ts,2106,74
useAuditLog.ts,src/lib/audit/useAuditLog.ts,.ts,2165,75
featureFlags.ts,src/lib/flags/featureFlags.ts,.ts,1551,45
useFeatureFlag.ts,src/lib/flags/useFeatureFlag.ts,.ts,2333,70
useModules.ts,src/lib/modules/useModules.ts,.ts,3281,105
useNotifications.ts,src/lib/notifications/useNotifications.ts,.ts,5115,168
roles.ts,src/lib/rbac/roles.ts,.ts,1089,59
usePermission.ts,src/lib/rbac/usePermission.ts,.ts,1303,51
plans.ts,src/lib/subscriptions/plans.ts,.ts,2608,90
useSubscription.ts,src/lib/subscriptions/useSubscription.ts,.ts,1161,39
client.ts,src/lib/supabase/client.ts,.ts,212,9
middleware.ts,src/lib/supabase/middleware.ts,.ts,931,35
server.ts,src/lib/supabase/server.ts,.ts,790,30
utils.ts,src/lib/utils.ts,.ts,166,7
middleware.ts,src/middleware.ts,.ts,739,30
index.ts,src/types/index.ts,.ts,4513,102
supabase.ts,src/types/supabase.ts,.ts,51459,1784
cli-latest,supabase/.temp/cli-latest,,8,Binary
gotrue-version,supabase/.temp/gotrue-version,,8,Binary
linked-project.json,supabase/.temp/linked-project.json,.json,142,1
pooler-url,supabase/.temp/pooler-url,,97,Binary
postgres-version,supabase/.temp/postgres-version,,10,Binary
project-ref,supabase/.temp/project-ref,,20,Binary
rest-version,supabase/.temp/rest-version,,5,Binary
storage-migration,supabase/.temp/storage-migration,,33,Binary
storage-version,supabase/.temp/storage-version,,7,Binary
config.toml,supabase/config.toml,.toml,15493,Binary
20260607000001_base_schema.sql,supabase/migrations/20260607000001_base_schema.sql,.sql,5474,125
20260607000002_modules_subscriptions.sql,supabase/migrations/20260607000002_modules_subscriptions.sql,.sql,3542,75
20260607000003_features_logging.sql,supabase/migrations/20260607000003_features_logging.sql,.sql,3391,77
20260607000004_messaging.sql,supabase/migrations/20260607000004_messaging.sql,.sql,3128,71
20260607000005_storage_buckets.sql,supabase/migrations/20260607000005_storage_buckets.sql,.sql,2631,34
20260607000006_branches_venues.sql,supabase/migrations/20260607000006_branches_venues.sql,.sql,2459,59
20260607000007_crm_events.sql,supabase/migrations/20260607000007_crm_events.sql,.sql,4766,112
20260607000008_workforce_dependencies.sql,supabase/migrations/20260607000008_workforce_dependencies.sql,.sql,2191,50
20260607000009_rooms_bookings.sql,supabase/migrations/20260607000009_rooms_bookings.sql,.sql,1773,39
20260607000010_dev_public_read_testing.sql,supabase/migrations/20260607000010_dev_public_read_testing.sql,.sql,442,7
20260607000011_fix_rls_recursion.sql,supabase/migrations/20260607000011_fix_rls_recursion.sql,.sql,456,11
20260607000012_leads_additions.sql,supabase/migrations/20260607000012_leads_additions.sql,.sql,682,14
20260607000013_events_bookings_public_mutations.sql,supabase/migrations/20260607000013_events_bookings_public_mutations.sql,.sql,578,9
20260607000014_payments_table.sql,supabase/migrations/20260607000014_payments_table.sql,.sql,1296,29
20260607000015_tasks_table.sql,supabase/migrations/20260607000015_tasks_table.sql,.sql,1515,32
20260607000016_settings_public_mutations.sql,supabase/migrations/20260607000016_settings_public_mutations.sql,.sql,562,9
20260607000017_customers_public_mutations.sql,supabase/migrations/20260607000017_customers_public_mutations.sql,.sql,841,11
20260607000018_unified_contacts.sql,supabase/migrations/20260607000018_unified_contacts.sql,.sql,2492,42
20260607000019_dynamic_contacts.sql,supabase/migrations/20260607000019_dynamic_contacts.sql,.sql,335,9
20260607000020_multiple_bank_accounts.sql,supabase/migrations/20260607000020_multiple_bank_accounts.sql,.sql,199,6
20260607000021_add_gst_number.sql,supabase/migrations/20260607000021_add_gst_number.sql,.sql,156,6
20260607000022_link_conversations_to_contacts.sql,supabase/migrations/20260607000022_link_conversations_to_contacts.sql,.sql,250,6
20260607000023_create_products_module.sql,supabase/migrations/20260607000023_create_products_module.sql,.sql,2206,65
20260607000023_fix_messaging_rls.sql,supabase/migrations/20260607000023_fix_messaging_rls.sql,.sql,719,12
20260607000024_add_show_on_public_profile_to_products.sql,supabase/migrations/20260607000024_add_show_on_public_profile_to_products.sql,.sql,108,2
20260607000024_products_public_mutations.sql,supabase/migrations/20260607000024_products_public_mutations.sql,.sql,833,11
20260607000025_product_marketing_fields.sql,supabase/migrations/20260607000025_product_marketing_fields.sql,.sql,273,6
seed_crm_data.sql,supabase/seed_crm_data.sql,.sql,947,13
seed_mock_data.sql,supabase/seed_mock_data.sql,.sql,2216,39
test_query.js,test_query.js,.js,571,20
tsconfig.json,tsconfig.json,.json,670,35
tsconfig.tsbuildinfo,tsconfig.tsbuildinfo,.tsbuildinfo,267363,Binary
ui-registry.md,ui-registry.md,.md,7433,111
ui-rules.md,ui-rules.md,.md,2488,35
ui-tokens.md,ui-tokens.md,.md,2227,44